{
  "LogReg": {
    "fpr": [
      0.0,
      0.0,
      0.0,
      0.4,
      0.4,
      1.0
    ],
    "tpr": [
      0.0,
      0.047619047619047616,
      0.5714285714285714,
      0.5714285714285714,
      0.6190476190476191,
      1.0
    ],
    "auc": 0.7143
  },
  "RF": {
    "fpr": [
      0.0,
      0.0,
      0.0,
      0.0,
      0.0,
      0.4,
      0.4,
      1.0
    ],
    "tpr": [
      0.0,
      0.19047619047619047,
      0.3333333333333333,
      0.42857142857142855,
      0.5714285714285714,
      0.5714285714285714,
      0.6190476190476191,
      1.0
    ],
    "auc": 0.7143
  },
  "XGB": {
    "fpr": [
      0.0,
      1.0
    ],
    "tpr": [
      0.0,
      1.0
    ],
    "auc": 0.5
  }
}