{
  "counts": {
    "disengaged": {
      "0": 5,
      "disengaged": 0,
      "high": 0,
      "mid": 3,
      "All": 8
    },
    "high": {
      "0": 31,
      "disengaged": 0,
      "high": 9,
      "mid": 29,
      "All": 69
    },
    "mid": {
      "0": 711,
      "disengaged": 1,
      "high": 22,
      "mid": 613,
      "All": 1347
    },
    "All": {
      "0": 747,
      "disengaged": 1,
      "high": 31,
      "mid": 645,
      "All": 1424
    }
  },
  "percentages": {
    "disengaged": {
      "0": 0.7000000000000001,
      "disengaged": 0.0,
      "high": 0.0,
      "mid": 0.5
    },
    "high": {
      "0": 4.1000000000000005,
      "disengaged": 0.0,
      "high": 28.999999999999996,
      "mid": 4.5
    },
    "mid": {
      "0": 95.19999999999999,
      "disengaged": 100.0,
      "high": 71.0,
      "mid": 95.0
    }
  },
  "label_stability": 0.4368
}